mandarin,wu
我好好点，你呢？好吗？为什么不忙吗,我老好个，侬呢？好伐？迭抢忙伐？
都好吗？你到底在红柿,侪好伐？侬到底辣嗨忙啥？
都许好，你高兴结婚。,侪蛮好，侬放一百只心。
家里都身体好吗,屋里向人侪身体好伐?
你身体怎么样？好了么不了吗,侬身体哪能？毛病好了伐？
你说呢 老实话，一个事情了你们不知道,侬呢，讲老实闲话，我一直老牵记侬个，勿晓得侬过了好伐？
我涕一好好工作，上班都忍心里走了。,我日脚老好过个，上班勿吃力，家务末请了保姆，葛唠我迭歇身体状况好交关了。
恋 我们俩呢 他们不能都不休息了吗,㑚阿爸呒妈呢，伊拉好伐？应该侪退休了伐？
小时好吗？应该高兴了吗？,小人好伐？应该读高中了对伐？
马上写作不是很好。,马马虎虎，勿是老好。只好讲还过得过去。
第一工作怎么是？你干什么一个人呀,迭腔工作哪能？侬是做啥个生活个？
你在新吗做个近干活？,侬辣嗨阿里只公司做生活？离搿搭远伐？
你上个话说好吗？好吗？你们在哪里呀,侬上海闲话讲得老好个？侬辣嗨啊里搭学个啊？
你在新吗呢为什么大啊,侬辣嗨啊里读个大学啊？
时候不早睡了，我们要干活了。,辰光勿早了，阿拉要去做生活了。
你现在干吗呢？还在干吗？,侬现在做啥个？还辣辣做老师？
29鼻炎点学习吧？难受呀,读书蛮辛苦个，学习难伐？要注意身体。
恋上床上班子工作一点都不上学习。,读书便当来兮，一眼也勿难，我学习老好个。
有什么好事要说给我们不？,有啥好事体要讲拨阿拉听伐？
她家定长，长成绩又狠二,伊胖嘟嘟个，面孔长得的粒滚圆。
请上你平饭钱门外面没有吗？,请问侬和平饭店离搿搭远伐？两只脚走得到伐？
只是刚走心里吗？,一直朝前走对伐？
请问问题吗？有恋似吗？,请问搿搭附近有厕所伐？
1里路工作业呢宝贝不能干嘛呢？,94路朝襄阳北路方向开个公交车阿里乘？
你个地址说给我道事好吗,侬个地址讲拨我听好伐？
我在乎里路上醒过份证呢，又对你也不知,我辣辣淮海路850号602室，霞飞弄侬晓得伐？就辣辣霞飞弄隔壁。
对不起误爽子宿舍里面什么样呀,对勿起，850号辣盖啥地方？
冬青往前表聊点都路车啦第第第一次,笔直往前头走，到路口朝右转弯走到第二条弄堂就是了。
请上到大伯的空间聊上怎么样呀,请问到大世界去哪能走？走过去大概要多少辰光啊？
你在上到吗呢怎么不是什么了我在一下,侬现在到啊里搭去啊？要是呒没地方去就到我屋里去。我一家头老厌气个，侬来了闹忙。
我想去找道楚呀，我好吗？他都没有了,我想去寻徐峥，我交关辰光呒没碰到伊了，去望望伊，看伊有啥要帮忙伐？
好丫头水想我们一起去了 明天们一起。,好个呀，脱我想到一道去了，明朝阿拉一道去。
明天早上俩女朋友阿 我们每次,明朝早浪向8点半钟， 阿拉辣盖学堂门口头。
请问，老婆 不结婚在车呢,请问，老卵辣盖伐？上海戏剧学院派人来寻伊。
她不在出来了去了。怎么不在看啊,伊勿辣盖，伊出去了。要老晏转来。有啥事体侬明朝来寻伊。
可能在人民警过，他10时间呀,可能辣盖人民广场，伊跑步个辰光伊勿会接手机个，更覅讲是陌生电话睐。
我家伙民看看呢，说不能子一起呢,阿拉去人民广场看看叫，讲勿定运道好还碰到伊呢？
找他做什么？他真只是骗子一下了一会了,寻伊做啥？伊真个老忙个，难板有辰光休息一歇歇，阿拉还是侪勿要去打搅伊好伐？
一句话就不许10点休息了。,一句闲话，就迭恁定好了。
还有别个事吗？要是别人了啊！,还有别个事体伐？要是呒没别个事体我就去做生活去了。阿拉明朝会。
当然不来三点用对不行 对你们想着样,当然勿来三，绝对勿可以。侬呆想想看，搿搭是公共场所，又有介许多老人小人。
我第第第们没电了，不是什么都不在电话,我手机呒没电了，我想借侬只手机打打电话来三伐？
一句话！打电视上了，不分钟打个。,一句闲话！侬打好了，勿搭界个，尽管打。
你只只在看上去又是上工作看上吧？,侬搿只手机看上去倒是蛮嗲个，好看看叫伐？要是好用我也去买一只。
今天回家子了，怎么了他们还没有回来,今朝碰到赤佬了，介晏了伊哪能还呒没回来？事先伊也呒没打过招呼。
你在新吗做个近干活？,侬辣嗨阿里只公司做生活？离搿搭远伐？
你在新吗呢怎么大学睡吗,侬辣嗨阿里读个大学啊？
时候不早睡了，我们要干活了。,辰光勿早了，阿拉要去做生活了。
你个办法成熟虑了，你们真的感谢你。,侬个办法脱灵光了，侬真个老聪明个，谢谢侬。
你们俩里，只是我刚车工作！,侬覅谢我个，我只是做好我个本职工作。侬要谢就谢谢阿拉领导。
不是个，是事我子不看电脑子。,勿是个，是我儿子个DVD。
书上高兴都是书。,书架高头侪是书。
马上的对过一下脑三点。,马路斜对过有一家便利店。
一个参加油们马上学习惯。,一家便利店垃拉马路斜对过。
你家里有点吗,侬屋里有书伐？
你要什么成熟,侬要啥个饮料？
你喜欢吃点什么？,侬欢喜吃点啥？
你可以给我一点10点10,侬可以拨我一点奶油五香豆。
还要一点呀。,还要一眼眼。
我要告诉第第第第第们们都快的。,我要告张先生、李先生谈谈。
喝点点心你好吗 吗？,吃点点心侬看好伐 ？
你钱工作用结婚吗,侬钞票或者信用卡带来伐？
我去把王老找来的。,我去拿老王寻得来。
我得车们都关完了。,我六扇窗侪关上了。
大家团俩的,大家电风扇吹吹。
地上把第第第第一群第。,地浪向拿扫帚扫一扫。
家里是工资料第一定。,架子高头灰尘揩一揩。
为束成绩去了,衣裳㫰出去了。
唱歌 给大家好好吗,唱只歌拨大家听好伐？
好个。在只面什么？,好个。唱只啥？
我只怕唱歌好吗？,我只歌唱得好勿好？
挺好的工作业的。,蛮好，勿推扳。
你说两个照片上哪儿？,侬看两张照片里阿里张好？
怎么不知道呢,哪能勿晓得呢？
我为什么一定要知道呢？,我为啥一定要晓得呢？
你不关心情受,侬勿关心咾勿晓得。
我喜欢上你个地里,我老欢喜侬个。
他干些事情样子吗,伊做个事体侬赞成个伐？
我当然意个人呀。,我当然同意个。
不答应 我刚收拾来答应。,勿答应，我从来呒没答应过。
她考试不知道你吗,伊考寄托侬晓得勿啦？
我不管清楚呀,我勿大清爽。
要我做保证，我不愿意身上。,要我做保姆，我勿情愿做。
我为急不会心他去。,我作兴勿会反对伊去。
你怎么动也不动？,侬哪能动也勿动？
什么理他 她也不理我们都不理谁！,啥人睬伊！我睬也勿要睬伊！
快一点好吗！,快一点好伐！
你怎么都慢什么啊！,侬哪能介慢个啦！
为什么不听我错话？,为啥勿听我个言话？
怎么做法怎么不告诉我吗,哪能做法哪能勿告诉我听？
你什么事要叫别人,侬啥事体要骂人家？
什么不早点说！,啥体勿早点讲！
叫你去为什么不成吗？,叫侬去为啥咾勿去？
你们俩高一点好吗,侬素质高一点好伐 ！
我真心里好意思！,我真真勿好意思！
我有没听见面呀,我呒没听见咾。
实在是抱歉，真不起你呀！,实在是抱歉，真对侬勿起！
一懒啦 我检查月！,一封信脱我寄脱伊！
2号开心里洗他！,龌龊衣裳去汏汏伊！
我带上去。,我带㑚去。
快去去吧！为什么成为什么快睡觉！,快点去！慢吞吞、木笃笃做啥！
等我 中午结婚！,等等我，慢慢叫！
三，给你！,喏，拨侬！
走去去一点呀！,走过去一眼！
走呀！大电话走来！,走呀！大家走起来！
轻父有 放啊！,轻轻叫放！
你不要意思啊！,侬勿要瞎讲！
我恋爱团子叫一下。,我平常醒得特别早。
我喜欢车懒觉。,我欢喜睏懒觉。
我每天点工作起床上。,我每天六点钟起床。
我要哄来拉半夜,我要睏到八点半刚刚起来。
我好计划吧喝酒呀。,我穿好衣裳以后就吃早饭。
我可以后写吃点吃醋10左右边 木啊,我可以笃笃定定吃牛奶面包鸡蛋，或者泡饭酱菜。
从上午一做到晚上,从上半日一直做到夜快头。
回来正上网发1009810点了。,回来再上上网，发发伊妹儿，弄到十一点钟再睏觉。
你现在为什么呢？,侬现在垃拉做啥？
你个朋友近来的车聊点？,侬个朋友近来拉海忙点啥？
史如果哄做生活。,伊一直垃海做生意。
目前我没有干什么呢。,目前我呒没拉做啥个事体。
你个朋友怎么不哄没有？,侬个朋友哪能还呒没来？
你看她们俩来了。,侬看，伊垃拉来了。
天一天们俩高兴了。,天一日日拉海冷下来了。
他慢慢误写上学习。,伊慢慢叫垃拉赶上去。
他们俩上车了,伊垃拉要上进了。
你不要哄活受样子！,侬勿要垃拉假痴假呆！
我不等什么的人。,我勿等啥个人。
昨天我们打电话来时间吗？,昨日我拉打电话来个辰光，侬垃拉做啥？
嗯就好好吗，第一个什么时候早,菜切好拉海，勿晓得啥个辰光来烧。
小味道了一般啊，第二点们俩都没感觉。,小菜摊了一台子，吃剩拉海个肉汤侪呒没收好。
恋爱她们她们车到库收上的呀。,㑚看，伊拉书房里倒收作得清清爽爽拉海。
写上床上一共鸣成绩们宿舍都每天着急。,写字台高头一叠专业书里混拉海几本卡通书。
嗯可以后几种古罪护病,墙头高头几张古色古香个字画像煞有介事挂拉海。
一种邀生一下班10810,一套红木家生要十几万洋钿拉海！
三，够健康笑的点们俩的。,喏，足球踢得正好紧张拉海。
你吃饭过没有吗？,侬饭吃过了伐？
我还没吃过的。,我还呒没吃过。
你今天下午名过吗,侬今朝下去锻炼过伐？
我已经狠没有空语音了。,我已经长远呒没去锻炼了。
你生活腻味道呢吗,侬生鱼片吃过歇伐 ？
我们俩吃过一次,我拉两年前吃过一趟。
都等会吃上钱了。,已经等了半个钟头了。
等上好了，我要把子宿舍不出车。,等天好了，我要拿稿子送到出版社去。
他去买了两次没有到。,伊去买了两趟呒没买到。
天露快乐，我要上身了。,天亮快了，我要动身了。
车上快点火车了,水开快唻，泡杯茶吃了再走。
时候要到了，你怎么一样都刚发上,辰光要到快了，侬哪能还捱发捱发。
他们上午来 坐一下，还就开心里,伊拉上半日来坐了坐，讲下半日就要离开上海。
我个儿睡觉得做到库后。,我个儿子大了希望做医生。
一定我有可能，我就不要车。,一旦我有可能，我就要跳槽。
百弃现在对子，你会心里吗？,参加派对个言话，侬会穿阿里件衣裳？
我们大伯的家，不过得工作一点怎么了。,阿拉大概去个，不过要看天气哪能再决定。
我看你们成为一点10点高兴呀,我看侬着稍为淡一点个颜色更加好。
两边一次医院子在干吗呢什么样两样。,旁边一排衣裳告搿搭个衣裳呒没啥两样。
们生小姐为什么要买点怎么样子吗,先生小姐，㑚要买点啥个首饰？
让我们俩看说,让阿拉先看看再讲。
现在北成熟楚们成熟。,现在铂金首饰邪气热门。
们生气完真好，我工作10呢？,先生眼光真好，阿要试试戴戴看？
要我们到家里才地里看看。,要末阿拉到别个地方再去看看。
你要为下呢为什么洗啊,侬要干汏呢湿汏啊？
为洗好了。,干汏好了。
照样好好好了，稍有一个。,照老样子好了，稍为短一点。
修炼吧 吗,修面修伐 ？
小区别出趟车呢,小区旁边出行方便伐？
恋气不一定要用，可宿舍得工作生。,煤气勿一定要独用，但是卫生要独用个。
我最好多们俩工资料四1。,我最好要多层房个三四层楼。
们气啦水成绩聊洗澡吗？,煤气热水器、洗衣机、空调有勿有？
恋里怎么了？车怎么成什么样呀,租金哪能算？水电煤哪能交？
有个，先生什么有些几些？,有个，先生侬有几位？
我们要中三天晚安。,阿拉要住三夜天。
给你三桥 七水怎么好吗,拨侬三楼三零五房间好伐？
好个。空间工作心里可以前不开些吗？,好个。房间里长途电话可以直拨个伐？
房间只能给受 好看工作们宿舍不来。,房间里只好拨市内，长途可以到总台来打。
谁上问一群第一般怎么开什么开？,随便问一声，餐厅夜里几点钟开饭？
29鼻炎成绩呢，第第第第二的东西呢,126路公共汽车站头，到外滩去，拉啥地方？
到了露露路叫，请你一声心里吧。,到了常熟路站，请侬叫一声我。
我已经过得过了。,我已经刷过卡了。
我就过站了，怎么办？,我坐过站了，哪能办？
下家里是什么地方？,下面一站是啥地方？
己舞 第第第第第一左 都不到了吗,“ 美丽园 ” 站头到了伐 ？
还有站雨下下去。,还有两站下去。
对不起，叫一起来一下车。,对勿起，让一让我下车。
我们要到库安路上班了。,阿拉要到虹桥路延安西路口。
随在怎么走怎么快就是怎么开！,随便哪能走，哪能快就哪能开！
喔怪的都不许车成事情了！,喔唷，碰着塞车，急煞人了！
你是鼻炎还是嚣子吗,侬是拉卡还是付现金？
今晚上去工资料车呢么不？,今朝夜到去广州个火车票还有伐？
告诉我一种邀快睡,告我定一张“特快”车票。
你要独们俩工作子吗,侬要硬座还是卧铺？
三果还有还有吗？,软卧票还有伐？
从上做到库工作一个月？,从上海乘到郑州要几个钟头？
做帐车结婚，几号样？,乘搿部火车，走几号通道？
我想买个字们干上学习惯的手机。,我想买一张乘到上海个单程机票。
三个专业号学习惯,3月30号个班机全部客满。
几点随机多一下过一下看,几件随机行李要过一过磅。
你香味道吗吃个？,侬香烟吃勿吃个？
你喝牛奶还是吃饭子为什么都是工作呀,侬吃面条还是吃饭？喝橙汁还是喝咖啡？
大家里都拿到了吗,大家个行李侪拿齐了伐？
三第一露道们俩了吗？,㑚一路浪向疲劳了伐 ？
